date,product_id,channel,exposure,clicks,add_to_cart,orders
2026-03-01,P1001,search,8212,816,126,7
2026-03-01,P1001,recommendation,5749,392,65,7
2026-03-01,P1001,campaign,2669,144,31,2
2026-03-01,P1001,direct,2053,235,46,0
2026-03-01,P1002,search,6485,614,101,4
2026-03-01,P1002,recommendation,4888,308,55,2
2026-03-01,P1002,campaign,3234,175,32,1
2026-03-01,P1002,direct,1638,200,48,1
2026-03-01,P1003,search,5952,473,83,1
2026-03-01,P1003,recommendation,4388,269,46,2
2026-03-01,P1003,campaign,3132,166,31,3
2026-03-01,P1003,direct,1496,162,31,0
2026-03-01,P1004,search,4762,388,78,4
2026-03-01,P1004,recommendation,3529,220,32,1
2026-03-01,P1004,campaign,1950,97,18,0
2026-03-01,P1004,direct,1192,147,29,0
2026-03-01,P1005,search,5059,406,65,2
2026-03-01,P1005,recommendation,3713,251,35,1
2026-03-01,P1005,campaign,2019,111,21,2
2026-03-01,P1005,direct,1320,165,37,0
2026-03-02,P1001,search,7219,687,125,6
2026-03-02,P1001,recommendation,5161,313,45,6
2026-03-02,P1001,campaign,2593,140,24,1
2026-03-02,P1001,direct,1901,209,42,0
2026-03-02,P1002,search,6302,552,97,0
2026-03-02,P1002,recommendation,4297,284,51,2
2026-03-02,P1002,campaign,2941,153,33,3
2026-03-02,P1002,direct,1489,183,35,1
2026-03-02,P1003,search,5376,503,97,2
2026-03-02,P1003,recommendation,4100,261,42,2
2026-03-02,P1003,campaign,2645,133,24,0
2026-03-02,P1003,direct,1471,178,36,2
2026-03-02,P1004,search,4392,344,60,2
2026-03-02,P1004,recommendation,3474,190,33,1
2026-03-02,P1004,campaign,1790,91,18,2
2026-03-02,P1004,direct,1148,138,34,0
2026-03-02,P1005,search,4344,358,63,1
2026-03-02,P1005,recommendation,3596,202,35,1
2026-03-02,P1005,campaign,1979,91,16,3
2026-03-02,P1005,direct,1134,140,31,0
2026-03-03,P1001,search,7731,740,133,8
2026-03-03,P1001,recommendation,5048,290,49,3
2026-03-03,P1001,campaign,2586,126,25,2
2026-03-03,P1001,direct,1836,227,56,0
2026-03-03,P1002,search,5897,485,94,5
2026-03-03,P1002,recommendation,4200,229,40,1
2026-03-03,P1002,campaign,2855,165,31,0
2026-03-03,P1002,direct,1420,184,35,0
2026-03-03,P1003,search,5515,463,77,0
2026-03-03,P1003,recommendation,3965,254,44,3
2026-03-03,P1003,campaign,2810,135,24,2
2026-03-03,P1003,direct,1458,160,33,1
2026-03-03,P1004,search,4208,384,77,2
2026-03-03,P1004,recommendation,3249,182,30,1
2026-03-03,P1004,campaign,1697,98,18,0
2026-03-03,P1004,direct,1052,114,22,1
2026-03-03,P1005,search,4702,424,81,1
2026-03-03,P1005,recommendation,3538,209,35,3
2026-03-03,P1005,campaign,1890,89,19,1
2026-03-03,P1005,direct,1227,138,27,0
2026-03-04,P1001,search,7646,791,161,7
2026-03-04,P1001,recommendation,4967,302,51,3
2026-03-04,P1001,campaign,2494,135,24,2
2026-03-04,P1001,direct,1888,202,47,1
2026-03-04,P1002,search,6210,496,93,3
2026-03-04,P1002,recommendation,4169,265,38,1
2026-03-04,P1002,campaign,3160,167,36,2
2026-03-04,P1002,direct,1460,174,36,2
2026-03-04,P1003,search,5429,426,70,1
2026-03-04,P1003,recommendation,4014,262,39,2
2026-03-04,P1003,campaign,2735,143,24,2
2026-03-04,P1003,direct,1413,183,40,1
2026-03-04,P1004,search,4027,352,62,1
2026-03-04,P1004,recommendation,3226,177,25,0
2026-03-04,P1004,campaign,1753,100,18,1
2026-03-04,P1004,direct,1100,132,31,2
2026-03-04,P1005,search,4281,346,64,3
2026-03-04,P1005,recommendation,3605,238,35,2
2026-03-04,P1005,campaign,1915,109,23,1
2026-03-04,P1005,direct,1249,158,33,0
2026-03-05,P1001,search,7288,736,139,6
2026-03-05,P1001,recommendation,5292,296,47,7
2026-03-05,P1001,campaign,2751,140,31,0
2026-03-05,P1001,direct,1868,198,39,1
2026-03-05,P1002,search,6340,485,82,2
2026-03-05,P1002,recommendation,4462,261,46,4
2026-03-05,P1002,campaign,3100,149,28,2
2026-03-05,P1002,direct,1418,173,35,0
2026-03-05,P1003,search,5661,477,89,4
2026-03-05,P1003,recommendation,3814,259,40,0
2026-03-05,P1003,campaign,2741,158,28,1
2026-03-05,P1003,direct,1399,169,37,1
2026-03-05,P1004,search,3968,379,76,2
2026-03-05,P1004,recommendation,3323,195,33,0
2026-03-05,P1004,campaign,1876,95,20,2
2026-03-05,P1004,direct,1143,136,27,2
2026-03-05,P1005,search,4573,351,71,1
2026-03-05,P1005,recommendation,3483,205,36,2
2026-03-05,P1005,campaign,1984,106,23,2
2026-03-05,P1005,direct,1199,131,25,1
2026-03-06,P1001,search,7278,677,109,8
2026-03-06,P1001,recommendation,5086,302,42,1
2026-03-06,P1001,campaign,2652,126,23,3
2026-03-06,P1001,direct,1889,226,51,3
2026-03-06,P1002,search,5866,455,82,3
2026-03-06,P1002,recommendation,4355,237,35,3
2026-03-06,P1002,campaign,3016,152,25,2
2026-03-06,P1002,direct,1440,161,32,0
2026-03-06,P1003,search,5102,393,80,1
2026-03-06,P1003,recommendation,3969,245,34,4
2026-03-06,P1003,campaign,2770,146,24,2
2026-03-06,P1003,direct,1465,182,42,0
2026-03-06,P1004,search,3952,323,53,1
2026-03-06,P1004,recommendation,3571,194,34,1
2026-03-06,P1004,campaign,1730,91,15,2
2026-03-06,P1004,direct,1070,127,25,1
2026-03-06,P1005,search,4606,404,61,2
2026-03-06,P1005,recommendation,3491,219,35,1
2026-03-06,P1005,campaign,1800,97,16,0
2026-03-06,P1005,direct,1207,146,30,2
2026-03-07,P1001,search,7952,776,155,2
2026-03-07,P1001,recommendation,5698,347,54,7
2026-03-07,P1001,campaign,2941,138,29,3
2026-03-07,P1001,direct,2021,237,49,2
2026-03-07,P1002,search,6438,505,86,1
2026-03-07,P1002,recommendation,4854,297,53,3
2026-03-07,P1002,campaign,3184,184,31,1
2026-03-07,P1002,direct,1593,166,37,2
2026-03-07,P1003,search,5709,533,106,2
2026-03-07,P1003,recommendation,4274,267,43,3
2026-03-07,P1003,campaign,3084,176,31,1
2026-03-07,P1003,direct,1536,186,46,0
2026-03-07,P1004,search,4588,444,86,1
2026-03-07,P1004,recommendation,3807,204,32,2
2026-03-07,P1004,campaign,1845,85,16,1
2026-03-07,P1004,direct,1217,153,38,1
2026-03-07,P1005,search,4753,447,77,2
2026-03-07,P1005,recommendation,4010,263,36,1
2026-03-07,P1005,campaign,2090,113,19,0
2026-03-07,P1005,direct,1236,159,29,1
2026-03-08,P1001,search,7921,706,132,5
2026-03-08,P1001,recommendation,5729,353,61,8
2026-03-08,P1001,campaign,2936,170,32,2
2026-03-08,P1001,direct,2147,249,62,1
2026-03-08,P1002,search,6418,525,99,3
2026-03-08,P1002,recommendation,4372,283,46,2
2026-03-08,P1002,campaign,3189,166,28,4
2026-03-08,P1002,direct,1623,206,42,0
2026-03-08,P1003,search,5902,476,83,3
2026-03-08,P1003,recommendation,4106,250,37,0
2026-03-08,P1003,campaign,3087,162,30,2
2026-03-08,P1003,direct,1502,168,40,1
2026-03-08,P1004,search,4652,380,65,2
2026-03-08,P1004,recommendation,3518,236,36,2
2026-03-08,P1004,campaign,1843,87,19,1
2026-03-08,P1004,direct,1166,129,30,1
2026-03-08,P1005,search,4939,474,77,1
2026-03-08,P1005,recommendation,3758,215,36,2
2026-03-08,P1005,campaign,1950,111,24,1
2026-03-08,P1005,direct,1372,143,27,1
2026-03-09,P1001,search,7502,683,135,10
2026-03-09,P1001,recommendation,5062,303,47,3
2026-03-09,P1001,campaign,2739,135,24,1
2026-03-09,P1001,direct,1842,199,50,1
2026-03-09,P1002,search,6092,556,101,1
2026-03-09,P1002,recommendation,4249,282,40,1
2026-03-09,P1002,campaign,3016,172,34,1
2026-03-09,P1002,direct,1464,165,34,3
2026-03-09,P1003,search,5113,435,83,1
2026-03-09,P1003,recommendation,4048,268,45,4
2026-03-09,P1003,campaign,2648,138,25,0
2026-03-09,P1003,direct,1329,171,42,0
2026-03-09,P1004,search,3951,317,59,3
2026-03-09,P1004,recommendation,3234,204,33,0
2026-03-09,P1004,campaign,1827,86,19,2
2026-03-09,P1004,direct,1088,117,27,1
2026-03-09,P1005,search,4287,377,71,1
2026-03-09,P1005,recommendation,3478,187,32,3
2026-03-09,P1005,campaign,1957,96,18,0
2026-03-09,P1005,direct,1129,139,31,2
2026-03-10,P1001,search,7556,749,151,9
2026-03-10,P1001,recommendation,5138,279,42,2
2026-03-10,P1001,campaign,2719,126,28,0
2026-03-10,P1001,direct,1930,207,39,2
2026-03-10,P1002,search,6080,490,76,3
2026-03-10,P1002,recommendation,4321,234,34,4
2026-03-10,P1002,campaign,3031,160,31,0
2026-03-10,P1002,direct,1429,160,39,0
2026-03-10,P1003,search,5337,494,85,2
2026-03-10,P1003,recommendation,3673,203,35,2
2026-03-10,P1003,campaign,2877,152,34,1
2026-03-10,P1003,direct,1404,158,29,2
2026-03-10,P1004,search,4211,332,59,2
2026-03-10,P1004,recommendation,3239,192,30,1
2026-03-10,P1004,campaign,1855,93,20,2
2026-03-10,P1004,direct,1162,128,26,1
2026-03-10,P1005,search,4626,426,83,0
2026-03-10,P1005,recommendation,3568,223,35,0
2026-03-10,P1005,campaign,1890,93,16,2
2026-03-10,P1005,direct,1241,163,34,3
2026-03-11,P1001,search,7998,708,141,6
2026-03-11,P1001,recommendation,5132,329,51,2
2026-03-11,P1001,campaign,2647,138,25,2
2026-03-11,P1001,direct,1834,241,59,4
2026-03-11,P1002,search,6070,509,78,1
2026-03-11,P1002,recommendation,4549,290,46,1
2026-03-11,P1002,campaign,3127,169,29,3
2026-03-11,P1002,direct,1485,196,37,2
2026-03-11,P1003,search,5414,433,81,2
2026-03-11,P1003,recommendation,3917,232,42,1
2026-03-11,P1003,campaign,2637,129,21,2
2026-03-11,P1003,direct,1341,172,38,2
2026-03-11,P1004,search,4135,394,67,3
2026-03-11,P1004,recommendation,3228,202,35,0
2026-03-11,P1004,campaign,1832,86,19,3
2026-03-11,P1004,direct,1147,132,24,0
2026-03-11,P1005,search,4752,405,82,3
2026-03-11,P1005,recommendation,3396,217,33,2
2026-03-11,P1005,campaign,1947,100,17,0
2026-03-11,P1005,direct,1264,160,36,0
2026-03-12,P1001,search,8010,760,118,6
2026-03-12,P1001,recommendation,5174,332,57,5
2026-03-12,P1001,campaign,2751,129,28,2
2026-03-12,P1001,direct,1973,227,45,3
2026-03-12,P1002,search,6367,565,94,2
2026-03-12,P1002,recommendation,4224,279,51,2
2026-03-12,P1002,campaign,2905,133,23,3
2026-03-12,P1002,direct,1540,176,36,1
2026-03-12,P1003,search,5192,440,67,3
2026-03-12,P1003,recommendation,3754,251,42,1
2026-03-12,P1003,campaign,2637,137,26,2
2026-03-12,P1003,direct,1402,174,39,0
2026-03-12,P1004,search,4333,397,74,1
2026-03-12,P1004,recommendation,3533,212,37,2
2026-03-12,P1004,campaign,1878,93,21,0
2026-03-12,P1004,direct,1044,121,28,1
2026-03-12,P1005,search,4311,415,77,2
2026-03-12,P1005,recommendation,3408,229,38,2
2026-03-12,P1005,campaign,1975,114,24,1
2026-03-12,P1005,direct,1237,152,37,1
2026-03-13,P1001,search,7475,767,155,5
2026-03-13,P1001,recommendation,5482,301,51,4
2026-03-13,P1001,campaign,2471,120,22,3
2026-03-13,P1001,direct,1790,189,45,3
2026-03-13,P1002,search,6002,510,97,0
2026-03-13,P1002,recommendation,4062,273,38,4
2026-03-13,P1002,campaign,3025,173,36,1
2026-03-13,P1002,direct,1413,158,34,2
2026-03-13,P1003,search,5547,537,104,3
2026-03-13,P1003,recommendation,3978,268,47,2
2026-03-13,P1003,campaign,2685,153,26,1
2026-03-13,P1003,direct,1431,166,39,1
2026-03-13,P1004,search,4383,385,71,2
2026-03-13,P1004,recommendation,3589,215,31,1
2026-03-13,P1004,campaign,1715,94,20,1
2026-03-13,P1004,direct,1140,138,32,1
2026-03-13,P1005,search,4737,404,73,3
2026-03-13,P1005,recommendation,3527,214,30,1
2026-03-13,P1005,campaign,1909,102,22,3
2026-03-13,P1005,direct,1142,142,28,0
2026-03-14,P1001,search,7934,827,139,7
2026-03-14,P1001,recommendation,5564,376,64,5
2026-03-14,P1001,campaign,2840,145,25,3
2026-03-14,P1001,direct,2037,219,46,1
2026-03-14,P1002,search,6510,603,124,1
2026-03-14,P1002,recommendation,4394,295,52,4
2026-03-14,P1002,campaign,3213,183,41,2
2026-03-14,P1002,direct,1695,191,46,1
2026-03-14,P1003,search,6073,575,108,3
2026-03-14,P1003,recommendation,4375,283,39,3
2026-03-14,P1003,campaign,3019,143,32,1
2026-03-14,P1003,direct,1502,196,41,0
2026-03-14,P1004,search,4399,426,80,3
2026-03-14,P1004,recommendation,3868,219,39,0
2026-03-14,P1004,campaign,1927,94,19,0
2026-03-14,P1004,direct,1124,139,26,1
2026-03-14,P1005,search,5071,488,97,0
2026-03-14,P1005,recommendation,3964,256,42,1
2026-03-14,P1005,campaign,2041,116,20,2
2026-03-14,P1005,direct,1364,160,33,2
2026-03-15,P1001,search,8675,858,174,8
2026-03-15,P1001,recommendation,5697,308,48,6
2026-03-15,P1001,campaign,2808,147,26,1
2026-03-15,P1001,direct,1941,236,44,1
2026-03-15,P1002,search,6438,527,89,2
2026-03-15,P1002,recommendation,4698,265,44,3
2026-03-15,P1002,campaign,3147,147,31,3
2026-03-15,P1002,direct,1689,218,53,1
2026-03-15,P1003,search,5862,545,105,2
2026-03-15,P1003,recommendation,4401,238,40,1
2026-03-15,P1003,campaign,2966,150,34,2
2026-03-15,P1003,direct,1492,196,46,1
2026-03-15,P1004,search,4700,395,74,2
2026-03-15,P1004,recommendation,3637,197,32,2
2026-03-15,P1004,campaign,2022,98,20,2
2026-03-15,P1004,direct,1158,134,31,0
2026-03-15,P1005,search,4842,385,68,2
2026-03-15,P1005,recommendation,3734,211,29,1
2026-03-15,P1005,campaign,1983,105,20,1
2026-03-15,P1005,direct,1320,137,32,0
2026-03-16,P1001,search,7574,701,112,7
2026-03-16,P1001,recommendation,5449,313,54,4
2026-03-16,P1001,campaign,2497,131,25,1
2026-03-16,P1001,direct,2005,263,53,1
2026-03-16,P1002,search,6213,547,99,3
2026-03-16,P1002,recommendation,4082,226,39,1
2026-03-16,P1002,campaign,2975,154,28,1
2026-03-16,P1002,direct,1422,167,31,2
2026-03-16,P1003,search,5688,549,86,2
2026-03-16,P1003,recommendation,3679,225,30,4
2026-03-16,P1003,campaign,2902,165,29,0
2026-03-16,P1003,direct,1483,166,37,0
2026-03-16,P1004,search,4270,375,66,1
2026-03-16,P1004,recommendation,3374,204,30,1
2026-03-16,P1004,campaign,1872,85,17,2
2026-03-16,P1004,direct,1051,128,32,1
2026-03-16,P1005,search,4433,415,78,1
2026-03-16,P1005,recommendation,3453,195,34,0
2026-03-16,P1005,campaign,1967,102,20,3
2026-03-16,P1005,direct,1271,161,36,1
2026-03-17,P1001,search,7344,696,140,8
2026-03-17,P1001,recommendation,4974,303,41,3
2026-03-17,P1001,campaign,2478,129,24,3
2026-03-17,P1001,direct,1845,213,42,1
2026-03-17,P1002,search,5767,552,106,2
2026-03-17,P1002,recommendation,4148,272,41,2
2026-03-17,P1002,campaign,3165,176,36,1
2026-03-17,P1002,direct,1515,179,33,2
2026-03-17,P1003,search,5172,419,70,1
2026-03-17,P1003,recommendation,3912,215,31,1
2026-03-17,P1003,campaign,2637,121,23,2
2026-03-17,P1003,direct,1371,165,40,2
2026-03-17,P1004,search,3991,384,71,1
2026-03-17,P1004,recommendation,3457,200,32,3
2026-03-17,P1004,campaign,1846,85,14,1
2026-03-17,P1004,direct,1110,139,28,0
2026-03-17,P1005,search,4691,383,66,1
2026-03-17,P1005,recommendation,3384,224,37,1
2026-03-17,P1005,campaign,1862,93,17,2
2026-03-17,P1005,direct,1158,131,30,1
2026-03-18,P1001,search,7569,722,143,6
2026-03-18,P1001,recommendation,5424,360,56,2
2026-03-18,P1001,campaign,2612,119,26,5
2026-03-18,P1001,direct,1891,239,54,1
2026-03-18,P1002,search,6213,484,85,3
2026-03-18,P1002,recommendation,4426,259,47,2
2026-03-18,P1002,campaign,3112,181,34,1
2026-03-18,P1002,direct,1513,185,44,2
2026-03-18,P1003,search,5190,439,83,2
2026-03-18,P1003,recommendation,3962,248,44,0
2026-03-18,P1003,campaign,2959,168,29,4
2026-03-18,P1003,direct,1339,174,36,1
2026-03-18,P1004,search,4118,346,60,5
2026-03-18,P1004,recommendation,3563,200,36,0
2026-03-18,P1004,campaign,1837,90,20,1
2026-03-18,P1004,direct,1119,133,27,0
2026-03-18,P1005,search,4308,338,60,2
2026-03-18,P1005,recommendation,3385,229,41,2
2026-03-18,P1005,campaign,1860,106,21,0
2026-03-18,P1005,direct,1204,132,28,1
2026-03-19,P1001,search,7864,706,109,4
2026-03-19,P1001,recommendation,5148,341,57,2
2026-03-19,P1001,campaign,2644,128,28,5
2026-03-19,P1001,direct,1974,218,46,3
2026-03-19,P1002,search,6415,603,121,4
2026-03-19,P1002,recommendation,4267,256,42,2
2026-03-19,P1002,campaign,2824,130,24,2
2026-03-19,P1002,direct,1446,153,34,0
2026-03-19,P1003,search,5337,421,82,0
2026-03-19,P1003,recommendation,3965,264,46,3
2026-03-19,P1003,campaign,2716,155,27,2
2026-03-19,P1003,direct,1328,173,35,1
2026-03-19,P1004,search,4112,396,66,1
2026-03-19,P1004,recommendation,3379,215,36,2
2026-03-19,P1004,campaign,1762,85,19,3
2026-03-19,P1004,direct,1145,150,32,0
2026-03-19,P1005,search,4319,343,67,0
2026-03-19,P1005,recommendation,3571,220,32,3
2026-03-19,P1005,campaign,1882,87,15,2
2026-03-19,P1005,direct,1202,130,31,1
2026-03-20,P1001,search,7955,692,118,9
2026-03-20,P1001,recommendation,5274,311,48,3
2026-03-20,P1001,campaign,2703,140,31,2
2026-03-20,P1001,direct,1927,224,55,1
2026-03-20,P1002,search,5879,451,88,3
2026-03-20,P1002,recommendation,4469,256,46,3
2026-03-20,P1002,campaign,2914,134,26,1
2026-03-20,P1002,direct,1522,178,39,0
2026-03-20,P1003,search,5581,542,97,3
2026-03-20,P1003,recommendation,4131,230,35,2
2026-03-20,P1003,campaign,2646,142,32,0
2026-03-20,P1003,direct,1364,148,35,1
2026-03-20,P1004,search,4083,359,70,1
2026-03-20,P1004,recommendation,3430,213,31,5
2026-03-20,P1004,campaign,1898,106,18,1
2026-03-20,P1004,direct,1059,114,22,0
2026-03-20,P1005,search,4303,361,59,0
2026-03-20,P1005,recommendation,3437,221,33,3
2026-03-20,P1005,campaign,1820,98,22,2
2026-03-20,P1005,direct,1144,126,29,1
2026-03-21,P1001,search,8310,841,151,7
2026-03-21,P1001,recommendation,5400,359,54,4
2026-03-21,P1001,campaign,2774,131,28,2
2026-03-21,P1001,direct,2104,246,61,2
2026-03-21,P1002,search,6579,606,97,3
2026-03-21,P1002,recommendation,4521,273,46,1
2026-03-21,P1002,campaign,3429,159,30,2
2026-03-21,P1002,direct,1545,187,40,1
2026-03-21,P1003,search,5979,466,73,4
2026-03-21,P1003,recommendation,4408,265,45,2
2026-03-21,P1003,campaign,2843,162,36,1
2026-03-21,P1003,direct,1449,163,32,0
2026-03-21,P1004,search,4413,371,59,2
2026-03-21,P1004,recommendation,3650,236,38,2
2026-03-21,P1004,campaign,1962,92,19,1
2026-03-21,P1004,direct,1242,139,27,0
2026-03-21,P1005,search,4727,373,58,2
2026-03-21,P1005,recommendation,3760,256,35,1
2026-03-21,P1005,campaign,2106,104,17,0
2026-03-21,P1005,direct,1368,159,32,2
2026-03-22,P1001,search,8015,824,145,6
2026-03-22,P1001,recommendation,5809,366,57,6
2026-03-22,P1001,campaign,2919,153,31,0
2026-03-22,P1001,direct,2002,263,50,4
2026-03-22,P1002,search,6455,525,106,2
2026-03-22,P1002,recommendation,4639,272,48,3
2026-03-22,P1002,campaign,3310,189,39,3
2026-03-22,P1002,direct,1644,203,40,1
2026-03-22,P1003,search,5744,451,84,3
2026-03-22,P1003,recommendation,4275,262,38,1
2026-03-22,P1003,campaign,3072,172,32,2
2026-03-22,P1003,direct,1449,186,44,0
2026-03-22,P1004,search,4489,371,66,2
2026-03-22,P1004,recommendation,3635,220,32,3
2026-03-22,P1004,campaign,1872,88,19,0
2026-03-22,P1004,direct,1200,136,25,1
2026-03-22,P1005,search,5065,398,61,2
2026-03-22,P1005,recommendation,3692,238,40,0
2026-03-22,P1005,campaign,2072,106,18,1
2026-03-22,P1005,direct,1223,133,30,1
2026-03-23,P1001,search,7957,786,160,7
2026-03-23,P1001,recommendation,4927,289,47,2
2026-03-23,P1001,campaign,2539,141,25,3
2026-03-23,P1001,direct,1879,242,49,1
2026-03-23,P1002,search,6158,554,106,3
2026-03-23,P1002,recommendation,4339,241,34,1
2026-03-23,P1002,campaign,3165,154,27,3
2026-03-23,P1002,direct,1478,157,34,0
2026-03-23,P1003,search,5585,543,107,3
2026-03-23,P1003,recommendation,4040,252,40,1
2026-03-23,P1003,campaign,2653,126,27,1
2026-03-23,P1003,direct,1421,176,34,1
2026-03-23,P1004,search,4136,324,59,2
2026-03-23,P1004,recommendation,3537,236,36,1
2026-03-23,P1004,campaign,1697,86,19,1
2026-03-23,P1004,direct,1084,122,22,0
2026-03-23,P1005,search,4748,380,73,1
2026-03-23,P1005,recommendation,3454,198,30,4
2026-03-23,P1005,campaign,1870,104,21,0
2026-03-23,P1005,direct,1153,123,27,0
2026-03-24,P1001,search,7255,700,112,8
2026-03-24,P1001,recommendation,5139,282,47,3
2026-03-24,P1001,campaign,2686,152,27,2
2026-03-24,P1001,direct,1912,215,51,0
2026-03-24,P1002,search,6151,505,103,5
2026-03-24,P1002,recommendation,4168,272,49,0
2026-03-24,P1002,campaign,3163,145,27,3
2026-03-24,P1002,direct,1511,185,35,0
2026-03-24,P1003,search,5378,489,88,3
2026-03-24,P1003,recommendation,4020,232,35,2
2026-03-24,P1003,campaign,2643,122,24,0
2026-03-24,P1003,direct,1471,174,38,0
2026-03-24,P1004,search,4081,331,60,2
2026-03-24,P1004,recommendation,3581,229,31,1
2026-03-24,P1004,campaign,1721,88,19,1
2026-03-24,P1004,direct,1110,136,27,2
2026-03-24,P1005,search,4574,405,79,1
2026-03-24,P1005,recommendation,3635,244,36,2
2026-03-24,P1005,campaign,1827,88,15,1
2026-03-24,P1005,direct,1237,150,33,1
2026-03-25,P1001,search,7268,722,148,8
2026-03-25,P1001,recommendation,5394,341,61,1
2026-03-25,P1001,campaign,2694,124,26,3
2026-03-25,P1001,direct,1967,243,58,2
2026-03-25,P1002,search,6197,581,101,1
2026-03-25,P1002,recommendation,4183,231,35,2
2026-03-25,P1002,campaign,3054,170,32,3
2026-03-25,P1002,direct,1439,183,38,1
2026-03-25,P1003,search,5512,472,86,3
2026-03-25,P1003,recommendation,4052,225,39,1
2026-03-25,P1003,campaign,2746,157,28,1
2026-03-25,P1003,direct,1344,167,42,1
2026-03-25,P1004,search,4041,390,62,1
2026-03-25,P1004,recommendation,3324,180,26,2
2026-03-25,P1004,campaign,1851,99,20,1
2026-03-25,P1004,direct,1116,131,27,0
2026-03-25,P1005,search,4759,399,74,4
2026-03-25,P1005,recommendation,3664,209,33,0
2026-03-25,P1005,campaign,1814,94,15,0
2026-03-25,P1005,direct,1239,145,30,1
2026-03-26,P1001,search,7650,765,146,8
2026-03-26,P1001,recommendation,4954,281,49,3
2026-03-26,P1001,campaign,2542,133,25,2
2026-03-26,P1001,direct,1857,212,43,1
2026-03-26,P1002,search,6268,578,97,3
2026-03-26,P1002,recommendation,4311,293,48,4
2026-03-26,P1002,campaign,2955,148,25,1
2026-03-26,P1002,direct,1487,173,39,0
2026-03-26,P1003,search,5562,531,109,5
2026-03-26,P1003,recommendation,3686,219,32,0
2026-03-26,P1003,campaign,2936,147,27,2
2026-03-26,P1003,direct,1394,157,35,1
2026-03-26,P1004,search,3995,351,59,2
2026-03-26,P1004,recommendation,3434,223,33,0
2026-03-26,P1004,campaign,1852,105,19,1
2026-03-26,P1004,direct,1130,134,29,1
2026-03-26,P1005,search,4348,338,64,4
2026-03-26,P1005,recommendation,3441,207,31,1
2026-03-26,P1005,campaign,1954,94,19,0
2026-03-26,P1005,direct,1194,133,28,1
2026-03-27,P1001,search,7465,748,140,6
2026-03-27,P1001,recommendation,4929,335,60,6
2026-03-27,P1001,campaign,2569,118,20,3
2026-03-27,P1001,direct,1813,208,41,0
2026-03-27,P1002,search,5891,540,107,2
2026-03-27,P1002,recommendation,4549,246,39,3
2026-03-27,P1002,campaign,2867,151,34,1
2026-03-27,P1002,direct,1486,154,36,1
2026-03-27,P1003,search,5169,408,72,3
2026-03-27,P1003,recommendation,4036,245,36,0
2026-03-27,P1003,campaign,2814,138,31,4
2026-03-27,P1003,direct,1442,161,32,1
2026-03-27,P1004,search,4434,378,66,1
2026-03-27,P1004,recommendation,3463,205,34,4
2026-03-27,P1004,campaign,1858,102,18,1
2026-03-27,P1004,direct,1162,120,24,0
2026-03-27,P1005,search,4457,374,66,5
2026-03-27,P1005,recommendation,3719,230,38,1
2026-03-27,P1005,campaign,1818,101,18,0
2026-03-27,P1005,direct,1150,148,28,0
2026-03-28,P1001,search,8474,838,152,8
2026-03-28,P1001,recommendation,5383,354,52,2
2026-03-28,P1001,campaign,2801,136,28,5
2026-03-28,P1001,direct,2049,228,55,1
2026-03-28,P1002,search,6459,599,104,4
2026-03-28,P1002,recommendation,4564,252,45,2
2026-03-28,P1002,campaign,3178,172,36,0
2026-03-28,P1002,direct,1627,191,48,0
2026-03-28,P1003,search,5513,478,88,0
2026-03-28,P1003,recommendation,4391,241,36,2
2026-03-28,P1003,campaign,2921,161,32,3
2026-03-28,P1003,direct,1569,167,40,1
2026-03-28,P1004,search,4547,391,67,2
2026-03-28,P1004,recommendation,3767,241,34,1
2026-03-28,P1004,campaign,1985,108,18,2
2026-03-28,P1004,direct,1247,151,31,1
2026-03-28,P1005,search,4864,424,67,1
2026-03-28,P1005,recommendation,3965,233,33,2
2026-03-28,P1005,campaign,1949,99,22,1
2026-03-28,P1005,direct,1313,141,30,1
2026-03-29,P1001,search,8337,816,158,8
2026-03-29,P1001,recommendation,5551,322,45,6
2026-03-29,P1001,campaign,2709,130,27,2
2026-03-29,P1001,direct,2137,235,58,1
2026-03-29,P1002,search,6612,614,95,2
2026-03-29,P1002,recommendation,4448,252,44,1
2026-03-29,P1002,campaign,3335,187,40,3
2026-03-29,P1002,direct,1580,206,45,1
2026-03-29,P1003,search,5958,531,93,5
2026-03-29,P1003,recommendation,4448,285,45,1
2026-03-29,P1003,campaign,3101,163,31,1
2026-03-29,P1003,direct,1485,179,37,0
2026-03-29,P1004,search,4338,358,71,2
2026-03-29,P1004,recommendation,3511,214,33,2
2026-03-29,P1004,campaign,2004,116,20,0
2026-03-29,P1004,direct,1243,131,24,0
2026-03-29,P1005,search,5069,441,73,2
2026-03-29,P1005,recommendation,3754,245,43,1
2026-03-29,P1005,campaign,1961,96,20,1
2026-03-29,P1005,direct,1315,148,32,1
2026-03-30,P1001,search,7323,696,137,7
2026-03-30,P1001,recommendation,5300,326,54,4
2026-03-30,P1001,campaign,2445,142,30,4
2026-03-30,P1001,direct,1797,228,48,0
2026-03-30,P1002,search,6047,502,76,2
2026-03-30,P1002,recommendation,4524,277,41,5
2026-03-30,P1002,campaign,3144,174,38,0
2026-03-30,P1002,direct,1565,179,43,0
2026-03-30,P1003,search,5442,426,86,0
2026-03-30,P1003,recommendation,3898,235,39,2
2026-03-30,P1003,campaign,2688,137,25,1
2026-03-30,P1003,direct,1460,153,30,3
2026-03-30,P1004,search,4338,360,59,2
2026-03-30,P1004,recommendation,3316,213,32,1
2026-03-30,P1004,campaign,1722,96,19,0
2026-03-30,P1004,direct,1050,123,31,2
2026-03-30,P1005,search,4758,447,76,1
2026-03-30,P1005,recommendation,3745,242,37,1
2026-03-30,P1005,campaign,1816,95,20,2
2026-03-30,P1005,direct,1130,144,35,1
2026-03-31,P1001,search,7162,723,147,6
2026-03-31,P1001,recommendation,4944,326,53,5
2026-03-31,P1001,campaign,2463,126,28,3
2026-03-31,P1001,direct,1909,218,54,0
2026-03-31,P1002,search,6150,471,81,4
2026-03-31,P1002,recommendation,4433,289,52,2
2026-03-31,P1002,campaign,2834,139,24,0
2026-03-31,P1002,direct,1431,158,33,1
2026-03-31,P1003,search,5615,469,81,3
2026-03-31,P1003,recommendation,3870,234,37,3
2026-03-31,P1003,campaign,2763,152,32,0
2026-03-31,P1003,direct,1343,164,36,0
2026-03-31,P1004,search,4229,405,75,1
2026-03-31,P1004,recommendation,3488,220,36,2
2026-03-31,P1004,campaign,1745,96,20,1
2026-03-31,P1004,direct,1059,122,26,0
2026-03-31,P1005,search,4708,418,75,2
2026-03-31,P1005,recommendation,3471,216,38,2
2026-03-31,P1005,campaign,1815,98,19,0
2026-03-31,P1005,direct,1190,147,32,2
2026-04-01,P1001,search,7333,207,33,0
2026-04-01,P1001,recommendation,4996,307,51,1
2026-04-01,P1001,campaign,1861,105,18,0
2026-04-01,P1001,direct,1820,235,54,3
2026-04-01,P1002,search,6361,570,94,2
2026-04-01,P1002,recommendation,4411,251,44,3
2026-04-01,P1002,campaign,3981,203,45,2
2026-04-01,P1002,direct,1540,180,38,1
2026-04-01,P1003,search,5118,489,77,3
2026-04-01,P1003,recommendation,3926,215,29,2
2026-04-01,P1003,campaign,3983,224,51,3
2026-04-01,P1003,direct,1367,144,35,0
2026-04-01,P1004,search,4370,405,65,2
2026-04-01,P1004,recommendation,3514,213,34,2
2026-04-01,P1004,campaign,1840,87,19,1
2026-04-01,P1004,direct,1060,112,24,1
2026-04-01,P1005,search,4533,356,67,0
2026-04-01,P1005,recommendation,3770,242,38,1
2026-04-01,P1005,campaign,1798,96,16,2
2026-04-01,P1005,direct,1244,152,37,1
2026-04-02,P1001,search,7501,195,32,1
2026-04-02,P1001,recommendation,4998,298,40,3
2026-04-02,P1001,campaign,1708,97,22,0
2026-04-02,P1001,direct,1903,223,54,0
2026-04-02,P1002,search,5866,508,85,3
2026-04-02,P1002,recommendation,4241,235,41,2
2026-04-02,P1002,campaign,4228,244,43,3
2026-04-02,P1002,direct,1575,164,38,1
2026-04-02,P1003,search,5375,452,70,4
2026-04-02,P1003,recommendation,3893,261,45,3
2026-04-02,P1003,campaign,3974,229,52,0
2026-04-02,P1003,direct,1431,184,40,1
2026-04-02,P1004,search,4296,413,68,2
2026-04-02,P1004,recommendation,3234,185,31,0
2026-04-02,P1004,campaign,1887,99,20,3
2026-04-02,P1004,direct,1050,128,27,0
2026-04-02,P1005,search,4244,336,66,3
2026-04-02,P1005,recommendation,3563,199,30,2
2026-04-02,P1005,campaign,1789,87,15,1
2026-04-02,P1005,direct,1137,120,26,0
2026-04-03,P1001,search,7292,209,42,2
2026-04-03,P1001,recommendation,5459,326,55,0
2026-04-03,P1001,campaign,1730,80,15,0
2026-04-03,P1001,direct,1903,202,41,1
2026-04-03,P1002,search,6108,549,90,2
2026-04-03,P1002,recommendation,4219,280,51,3
2026-04-03,P1002,campaign,3808,183,31,2
2026-04-03,P1002,direct,1585,186,46,1
2026-04-03,P1003,search,5259,511,88,2
2026-04-03,P1003,recommendation,3685,237,32,4
2026-04-03,P1003,campaign,3927,226,50,1
2026-04-03,P1003,direct,1463,168,39,2
2026-04-03,P1004,search,4346,407,64,2
2026-04-03,P1004,recommendation,3492,211,31,1
2026-04-03,P1004,campaign,1874,99,21,1
2026-04-03,P1004,direct,1163,147,30,2
2026-04-03,P1005,search,4461,417,65,0
2026-04-03,P1005,recommendation,3704,200,34,3
2026-04-03,P1005,campaign,1825,94,19,1
2026-04-03,P1005,direct,1138,143,32,0
2026-04-04,P1001,search,8455,278,44,0
2026-04-04,P1001,recommendation,5716,343,50,2
2026-04-04,P1001,campaign,1931,93,17,0
2026-04-04,P1001,direct,2133,246,58,3
2026-04-04,P1002,search,6930,671,129,4
2026-04-04,P1002,recommendation,4668,277,40,2
2026-04-04,P1002,campaign,4523,244,55,4
2026-04-04,P1002,direct,1603,190,43,2
2026-04-04,P1003,search,5916,571,95,1
2026-04-04,P1003,recommendation,4018,241,41,5
2026-04-04,P1003,campaign,3906,203,38,2
2026-04-04,P1003,direct,1547,183,37,1
2026-04-04,P1004,search,4526,360,71,3
2026-04-04,P1004,recommendation,3647,226,35,0
2026-04-04,P1004,campaign,2007,104,19,2
2026-04-04,P1004,direct,1118,116,25,1
2026-04-04,P1005,search,4841,424,66,2
2026-04-04,P1005,recommendation,3770,215,33,1
2026-04-04,P1005,campaign,2006,97,16,3
2026-04-04,P1005,direct,1344,177,36,1
2026-04-05,P1001,search,8049,269,43,1
2026-04-05,P1001,recommendation,5658,375,52,0
2026-04-05,P1001,campaign,1972,112,24,0
2026-04-05,P1001,direct,1985,249,58,3
2026-04-05,P1002,search,6953,575,114,1
2026-04-05,P1002,recommendation,4424,260,37,4
2026-04-05,P1002,campaign,4388,243,42,6
2026-04-05,P1002,direct,1542,196,46,0
2026-04-05,P1003,search,6098,555,90,2
2026-04-05,P1003,recommendation,4092,247,35,4
2026-04-05,P1003,campaign,3904,191,37,2
2026-04-05,P1003,direct,1421,163,33,2
2026-04-05,P1004,search,4717,425,85,0
2026-04-05,P1004,recommendation,3838,213,30,3
2026-04-05,P1004,campaign,1884,100,20,1
2026-04-05,P1004,direct,1139,123,30,2
2026-04-05,P1005,search,4782,434,70,1
2026-04-05,P1005,recommendation,3732,249,36,2
2026-04-05,P1005,campaign,2166,125,22,1
2026-04-05,P1005,direct,1320,157,29,1
2026-04-06,P1001,search,8035,272,47,1
2026-04-06,P1001,recommendation,5508,297,53,1
2026-04-06,P1001,campaign,1661,95,18,1
2026-04-06,P1001,direct,1993,212,50,4
2026-04-06,P1002,search,5950,472,94,2
2026-04-06,P1002,recommendation,4246,250,39,3
2026-04-06,P1002,campaign,4276,200,34,2
2026-04-06,P1002,direct,1551,168,35,4
2026-04-06,P1003,search,5691,490,80,6
2026-04-06,P1003,recommendation,3947,244,33,1
2026-04-06,P1003,campaign,3558,175,40,1
2026-04-06,P1003,direct,1467,172,38,1
2026-04-06,P1004,search,4160,367,61,2
2026-04-06,P1004,recommendation,3374,211,35,3
2026-04-06,P1004,campaign,1721,92,18,1
2026-04-06,P1004,direct,1078,126,26,0
2026-04-06,P1005,search,4275,388,78,4
2026-04-06,P1005,recommendation,3626,239,42,2
2026-04-06,P1005,campaign,1807,96,20,1
2026-04-06,P1005,direct,1144,119,27,0
2026-04-07,P1001,search,7450,246,50,2
2026-04-07,P1001,recommendation,5380,353,59,2
2026-04-07,P1001,campaign,1765,95,19,0
2026-04-07,P1001,direct,1964,255,52,0
2026-04-07,P1002,search,6409,549,103,2
2026-04-07,P1002,recommendation,4296,275,43,2
2026-04-07,P1002,campaign,4256,237,47,2
2026-04-07,P1002,direct,1522,180,43,1
2026-04-07,P1003,search,5098,417,80,2
2026-04-07,P1003,recommendation,3907,253,35,3
2026-04-07,P1003,campaign,3994,231,51,1
2026-04-07,P1003,direct,1405,170,33,0
2026-04-07,P1004,search,4418,387,67,3
2026-04-07,P1004,recommendation,3549,210,31,0
2026-04-07,P1004,campaign,1828,103,21,1
2026-04-07,P1004,direct,1086,132,25,0
2026-04-07,P1005,search,4318,330,53,2
2026-04-07,P1005,recommendation,3693,210,37,1
2026-04-07,P1005,campaign,1941,111,20,0
2026-04-07,P1005,direct,1230,157,31,1
2026-04-08,P1001,search,7782,190,37,2
2026-04-08,P1001,recommendation,5365,356,59,2
2026-04-08,P1001,campaign,1805,95,20,0
2026-04-08,P1001,direct,1938,250,56,2
2026-04-08,P1002,search,6445,623,117,4
2026-04-08,P1002,recommendation,4306,264,35,4
2026-04-08,P1002,campaign,4228,203,35,0
2026-04-08,P1002,direct,1482,182,45,0
2026-04-08,P1003,search,5541,503,102,1
2026-04-08,P1003,recommendation,3732,234,37,3
2026-04-08,P1003,campaign,3856,204,36,4
2026-04-08,P1003,direct,1409,160,39,0
2026-04-08,P1004,search,4172,366,67,3
2026-04-08,P1004,recommendation,3237,206,32,1
2026-04-08,P1004,campaign,1757,88,17,1
2026-04-08,P1004,direct,1108,145,30,1
2026-04-08,P1005,search,4541,349,55,3
2026-04-08,P1005,recommendation,3734,202,28,0
2026-04-08,P1005,campaign,1801,100,20,1
2026-04-08,P1005,direct,1265,149,31,0
2026-04-09,P1001,search,7982,213,35,2
2026-04-09,P1001,recommendation,5119,333,58,3
2026-04-09,P1001,campaign,1815,85,17,0
2026-04-09,P1001,direct,1819,200,38,1
2026-04-09,P1002,search,5930,531,92,1
2026-04-09,P1002,recommendation,4457,271,41,6
2026-04-09,P1002,campaign,4217,219,46,0
2026-04-09,P1002,direct,1532,192,37,2
2026-04-09,P1003,search,5705,554,112,4
2026-04-09,P1003,recommendation,3820,242,41,1
2026-04-09,P1003,campaign,3763,199,40,3
2026-04-09,P1003,direct,1326,170,32,0
2026-04-09,P1004,search,4013,366,74,1
2026-04-09,P1004,recommendation,3524,194,28,1
2026-04-09,P1004,campaign,1838,92,18,3
2026-04-09,P1004,direct,1059,116,25,1
2026-04-09,P1005,search,4406,399,70,1
2026-04-09,P1005,recommendation,3479,220,40,1
2026-04-09,P1005,campaign,1908,92,17,0
2026-04-09,P1005,direct,1264,166,38,2
2026-04-10,P1001,search,7467,215,41,3
2026-04-10,P1001,recommendation,4940,294,54,0
2026-04-10,P1001,campaign,1714,84,16,0
2026-04-10,P1001,direct,1823,224,50,1
2026-04-10,P1002,search,6433,569,104,5
2026-04-10,P1002,recommendation,4202,231,34,4
2026-04-10,P1002,campaign,4041,235,40,1
2026-04-10,P1002,direct,1417,175,32,0
2026-04-10,P1003,search,5457,514,88,4
2026-04-10,P1003,recommendation,4032,258,39,3
2026-04-10,P1003,campaign,3731,214,41,1
2026-04-10,P1003,direct,1388,154,29,0
2026-04-10,P1004,search,3998,336,51,3
2026-04-10,P1004,recommendation,3577,198,34,2
2026-04-10,P1004,campaign,1736,83,16,0
2026-04-10,P1004,direct,1052,123,27,0
2026-04-10,P1005,search,4604,382,58,1
2026-04-10,P1005,recommendation,3645,223,37,2
2026-04-10,P1005,campaign,1969,92,16,3
2026-04-10,P1005,direct,1208,137,29,0
2026-04-11,P1001,search,8064,199,38,1
2026-04-11,P1001,recommendation,5540,342,60,3
2026-04-11,P1001,campaign,1995,96,21,1
2026-04-11,P1001,direct,2088,252,62,2
2026-04-11,P1002,search,6322,531,101,2
2026-04-11,P1002,recommendation,4911,320,56,7
2026-04-11,P1002,campaign,4247,216,42,2
2026-04-11,P1002,direct,1644,188,40,0
2026-04-11,P1003,search,6134,524,102,6
2026-04-11,P1003,recommendation,4162,248,38,1
2026-04-11,P1003,campaign,4041,233,50,0
2026-04-11,P1003,direct,1551,197,39,1
2026-04-11,P1004,search,4596,423,71,3
2026-04-11,P1004,recommendation,3696,210,35,3
2026-04-11,P1004,campaign,1949,95,16,1
2026-04-11,P1004,direct,1238,139,28,0
2026-04-11,P1005,search,4654,425,79,2
2026-04-11,P1005,recommendation,3881,212,29,1
2026-04-11,P1005,campaign,2147,100,21,1
2026-04-11,P1005,direct,1223,144,27,1
2026-04-12,P1001,search,7985,244,40,2
2026-04-12,P1001,recommendation,5455,306,41,4
2026-04-12,P1001,campaign,1988,111,24,0
2026-04-12,P1001,direct,2124,251,56,0
2026-04-12,P1002,search,6528,617,122,2
2026-04-12,P1002,recommendation,4880,301,41,3
2026-04-12,P1002,campaign,4588,214,45,6
2026-04-12,P1002,direct,1705,194,48,0
2026-04-12,P1003,search,6175,565,115,4
2026-04-12,P1003,recommendation,4424,299,54,3
2026-04-12,P1003,campaign,4266,209,47,2
2026-04-12,P1003,direct,1537,175,33,1
2026-04-12,P1004,search,4750,428,72,3
2026-04-12,P1004,recommendation,3797,229,39,1
2026-04-12,P1004,campaign,1898,101,20,1
2026-04-12,P1004,direct,1220,150,35,0
2026-04-12,P1005,search,4612,431,74,3
2026-04-12,P1005,recommendation,3722,253,38,2
2026-04-12,P1005,campaign,2017,113,21,2
2026-04-12,P1005,direct,1257,133,25,0
2026-04-13,P1001,search,7692,237,41,0
2026-04-13,P1001,recommendation,5123,300,48,4
2026-04-13,P1001,campaign,1865,85,18,0
2026-04-13,P1001,direct,1895,214,44,2
2026-04-13,P1002,search,6075,544,89,3
2026-04-13,P1002,recommendation,4320,280,38,4
2026-04-13,P1002,campaign,4085,221,39,2
2026-04-13,P1002,direct,1555,173,39,1
2026-04-13,P1003,search,5610,436,80,3
2026-04-13,P1003,recommendation,3667,225,37,1
2026-04-13,P1003,campaign,3688,169,36,3
2026-04-13,P1003,direct,1433,172,32,1
2026-04-13,P1004,search,4161,390,80,3
2026-04-13,P1004,recommendation,3478,196,29,2
2026-04-13,P1004,campaign,1749,86,19,0
2026-04-13,P1004,direct,1049,124,30,1
2026-04-13,P1005,search,4623,430,70,2
2026-04-13,P1005,recommendation,3558,213,32,2
2026-04-13,P1005,campaign,1939,97,17,1
2026-04-13,P1005,direct,1184,123,29,1
2026-04-14,P1001,search,7847,193,31,1
2026-04-14,P1001,recommendation,5047,343,51,0
2026-04-14,P1001,campaign,1666,82,14,1
2026-04-14,P1001,direct,1953,249,53,3
2026-04-14,P1002,search,5926,532,83,2
2026-04-14,P1002,recommendation,4488,295,52,2
2026-04-14,P1002,campaign,4167,232,48,2
2026-04-14,P1002,direct,1494,188,40,2
2026-04-14,P1003,search,5669,537,89,2
2026-04-14,P1003,recommendation,4000,231,41,2
2026-04-14,P1003,campaign,3990,208,35,1
2026-04-14,P1003,direct,1366,152,36,2
2026-04-14,P1004,search,4156,396,79,1
2026-04-14,P1004,recommendation,3280,209,31,2
2026-04-14,P1004,campaign,1737,98,19,1
2026-04-14,P1004,direct,1052,119,24,0
2026-04-14,P1005,search,4484,379,68,0
2026-04-14,P1005,recommendation,3733,238,36,2
2026-04-14,P1005,campaign,2003,97,21,2
2026-04-14,P1005,direct,1128,119,28,0
2026-04-15,P1001,search,7560,252,42,3
2026-04-15,P1001,recommendation,5091,326,49,0
2026-04-15,P1001,campaign,1780,100,20,0
2026-04-15,P1001,direct,1834,204,40,1
2026-04-15,P1002,search,6190,519,91,5
2026-04-15,P1002,recommendation,4347,233,37,0
2026-04-15,P1002,campaign,4191,198,39,3
2026-04-15,P1002,direct,1427,162,32,2
2026-04-15,P1003,search,5175,412,82,2
2026-04-15,P1003,recommendation,3725,216,37,1
2026-04-15,P1003,campaign,3811,179,31,2
2026-04-15,P1003,direct,1460,161,38,3
2026-04-15,P1004,search,4276,393,65,2
2026-04-15,P1004,recommendation,3334,186,27,2
2026-04-15,P1004,campaign,1730,96,19,0
2026-04-15,P1004,direct,1125,132,29,0
2026-04-15,P1005,search,4367,390,70,1
2026-04-15,P1005,recommendation,3604,228,35,3
2026-04-15,P1005,campaign,1899,94,20,0
2026-04-15,P1005,direct,1220,142,31,0
2026-04-16,P1001,search,7928,222,34,3
2026-04-16,P1001,recommendation,5066,313,52,2
2026-04-16,P1001,campaign,1866,94,16,0
2026-04-16,P1001,direct,1996,241,48,1
2026-04-16,P1002,search,6329,533,104,2
2026-04-16,P1002,recommendation,4416,293,40,6
2026-04-16,P1002,campaign,3856,199,44,0
2026-04-16,P1002,direct,1429,160,30,0
2026-04-16,P1003,search,5535,483,93,3
2026-04-16,P1003,recommendation,3903,224,30,2
2026-04-16,P1003,campaign,3771,204,46,3
2026-04-16,P1003,direct,1475,175,34,0
2026-04-16,P1004,search,4211,356,73,4
2026-04-16,P1004,recommendation,3217,175,28,0
2026-04-16,P1004,campaign,1771,87,16,1
2026-04-16,P1004,direct,1094,117,22,0
2026-04-16,P1005,search,4364,380,69,2
2026-04-16,P1005,recommendation,3811,209,36,1
2026-04-16,P1005,campaign,1825,95,17,1
2026-04-16,P1005,direct,1211,128,30,1
2026-04-17,P1001,search,7818,195,33,1
2026-04-17,P1001,recommendation,5051,283,41,1
2026-04-17,P1001,campaign,1662,91,18,1
2026-04-17,P1001,direct,1875,217,54,3
2026-04-17,P1002,search,6012,525,81,4
2026-04-17,P1002,recommendation,4305,275,46,3
2026-04-17,P1002,campaign,4209,225,44,2
2026-04-17,P1002,direct,1496,196,49,0
2026-04-17,P1003,search,5409,456,82,1
2026-04-17,P1003,recommendation,3972,243,38,3
2026-04-17,P1003,campaign,3635,180,40,3
2026-04-17,P1003,direct,1394,160,37,0
2026-04-17,P1004,search,4428,394,80,3
2026-04-17,P1004,recommendation,3421,198,35,1
2026-04-17,P1004,campaign,1830,97,19,1
2026-04-17,P1004,direct,1159,147,29,1
2026-04-17,P1005,search,4312,341,68,1
2026-04-17,P1005,recommendation,3414,226,33,3
2026-04-17,P1005,campaign,1932,88,15,0
2026-04-17,P1005,direct,1157,128,24,1
2026-04-18,P1001,search,7760,241,45,3
2026-04-18,P1001,recommendation,5436,351,48,1
2026-04-18,P1001,campaign,1876,92,15,0
2026-04-18,P1001,direct,2019,225,45,3
2026-04-18,P1002,search,6912,562,99,3
2026-04-18,P1002,recommendation,4741,254,46,3
2026-04-18,P1002,campaign,4484,238,50,4
2026-04-18,P1002,direct,1624,213,44,0
2026-04-18,P1003,search,5784,554,103,4
2026-04-18,P1003,recommendation,4431,294,53,1
2026-04-18,P1003,campaign,3943,223,50,2
2026-04-18,P1003,direct,1586,202,39,1
2026-04-18,P1004,search,4335,381,60,1
2026-04-18,P1004,recommendation,3850,257,41,4
2026-04-18,P1004,campaign,2040,114,19,1
2026-04-18,P1004,direct,1158,132,28,0
2026-04-18,P1005,search,4628,441,78,4
2026-04-18,P1005,recommendation,3784,221,36,2
2026-04-18,P1005,campaign,2082,103,23,0
2026-04-18,P1005,direct,1323,149,28,0
2026-04-19,P1001,search,7833,222,40,1
2026-04-19,P1001,recommendation,5349,302,44,2
2026-04-19,P1001,campaign,1935,106,18,0
2026-04-19,P1001,direct,2154,267,51,3
2026-04-19,P1002,search,6389,508,87,1
2026-04-19,P1002,recommendation,4566,261,42,6
2026-04-19,P1002,campaign,4152,219,49,2
2026-04-19,P1002,direct,1613,173,38,2
2026-04-19,P1003,search,5799,463,89,3
2026-04-19,P1003,recommendation,4445,257,46,3
2026-04-19,P1003,campaign,3985,185,35,0
2026-04-19,P1003,direct,1558,205,50,3
2026-04-19,P1004,search,4620,389,74,1
2026-04-19,P1004,recommendation,3618,195,27,2
2026-04-19,P1004,campaign,1980,104,21,2
2026-04-19,P1004,direct,1248,136,32,1
2026-04-19,P1005,search,4715,420,68,2
2026-04-19,P1005,recommendation,3720,248,36,0
2026-04-19,P1005,campaign,1960,106,20,1
2026-04-19,P1005,direct,1284,167,34,2
2026-04-20,P1001,search,7578,225,42,0
2026-04-20,P1001,recommendation,4931,303,53,3
2026-04-20,P1001,campaign,1805,88,19,0
2026-04-20,P1001,direct,1795,225,51,1
2026-04-20,P1002,search,6202,501,93,7
2026-04-20,P1002,recommendation,4315,259,35,3
2026-04-20,P1002,campaign,3958,226,49,0
2026-04-20,P1002,direct,1478,166,36,0
2026-04-20,P1003,search,5401,493,86,1
2026-04-20,P1003,recommendation,4106,237,37,2
2026-04-20,P1003,campaign,3943,225,49,3
2026-04-20,P1003,direct,1478,184,36,2
2026-04-20,P1004,search,4049,334,67,2
2026-04-20,P1004,recommendation,3278,197,34,3
2026-04-20,P1004,campaign,1803,85,15,1
2026-04-20,P1004,direct,1059,110,22,0
2026-04-20,P1005,search,4415,395,79,1
2026-04-20,P1005,recommendation,3783,236,35,3
2026-04-20,P1005,campaign,1962,105,24,2
2026-04-20,P1005,direct,1185,141,34,0
2026-04-21,P1001,search,7678,234,37,2
2026-04-21,P1001,recommendation,4909,275,48,0
2026-04-21,P1001,campaign,1721,98,18,0
2026-04-21,P1001,direct,1787,218,43,1
2026-04-21,P1002,search,6396,497,81,5
2026-04-21,P1002,recommendation,4097,231,42,0
2026-04-21,P1002,campaign,3890,208,44,2
2026-04-21,P1002,direct,1476,194,47,2
2026-04-21,P1003,search,5638,463,85,2
2026-04-21,P1003,recommendation,3702,202,29,4
2026-04-21,P1003,campaign,3735,194,44,1
2026-04-21,P1003,direct,1385,161,39,0
2026-04-21,P1004,search,4344,396,66,1
2026-04-21,P1004,recommendation,3269,184,27,2
2026-04-21,P1004,campaign,1851,96,20,1
2026-04-21,P1004,direct,1083,120,27,0
2026-04-21,P1005,search,4408,400,61,3
2026-04-21,P1005,recommendation,3724,240,43,0
2026-04-21,P1005,campaign,1795,100,22,0
2026-04-21,P1005,direct,1175,141,32,0
2026-04-22,P1001,search,7230,181,34,0
2026-04-22,P1001,recommendation,5046,334,49,2
2026-04-22,P1001,campaign,1688,91,18,0
2026-04-22,P1001,direct,1799,215,41,2
2026-04-22,P1002,search,6040,564,102,3
2026-04-22,P1002,recommendation,4490,256,43,2
2026-04-22,P1002,campaign,4239,242,52,2
2026-04-22,P1002,direct,1506,192,42,1
2026-04-22,P1003,search,5475,457,81,2
2026-04-22,P1003,recommendation,4027,216,30,4
2026-04-22,P1003,campaign,3978,203,46,1
2026-04-22,P1003,direct,1338,167,31,1
2026-04-22,P1004,search,4321,343,59,0
2026-04-22,P1004,recommendation,3582,207,37,1
2026-04-22,P1004,campaign,1885,97,19,3
2026-04-22,P1004,direct,1132,124,23,0
2026-04-22,P1005,search,4698,444,79,0
2026-04-22,P1005,recommendation,3807,233,38,2
2026-04-22,P1005,campaign,1901,108,21,1
2026-04-22,P1005,direct,1238,133,27,1
2026-04-23,P1001,search,7549,207,32,1
2026-04-23,P1001,recommendation,5040,307,46,1
2026-04-23,P1001,campaign,1796,90,19,1
2026-04-23,P1001,direct,1877,226,46,2
2026-04-23,P1002,search,6202,511,88,2
2026-04-23,P1002,recommendation,4125,247,40,3
2026-04-23,P1002,campaign,4121,230,49,3
2026-04-23,P1002,direct,1431,165,31,2
2026-04-23,P1003,search,5558,469,72,1
2026-04-23,P1003,recommendation,3810,256,37,4
2026-04-23,P1003,campaign,3987,194,34,3
2026-04-23,P1003,direct,1401,169,34,1
2026-04-23,P1004,search,4113,323,52,1
2026-04-23,P1004,recommendation,3365,223,36,3
2026-04-23,P1004,campaign,1821,91,16,0
2026-04-23,P1004,direct,1077,119,24,0
2026-04-23,P1005,search,4251,397,77,2
2026-04-23,P1005,recommendation,3644,239,38,2
2026-04-23,P1005,campaign,1786,87,15,0
2026-04-23,P1005,direct,1241,137,27,0
2026-04-24,P1001,search,7794,210,36,1
2026-04-24,P1001,recommendation,5393,306,54,3
2026-04-24,P1001,campaign,1756,93,20,0
2026-04-24,P1001,direct,1815,230,43,0
2026-04-24,P1002,search,6304,514,105,6
2026-04-24,P1002,recommendation,4291,266,42,2
2026-04-24,P1002,campaign,4287,230,48,1
2026-04-24,P1002,direct,1442,164,36,1
2026-04-24,P1003,search,5517,536,85,2
2026-04-24,P1003,recommendation,3719,225,38,3
2026-04-24,P1003,campaign,3576,180,33,2
2026-04-24,P1003,direct,1348,176,40,2
2026-04-24,P1004,search,4266,360,61,1
2026-04-24,P1004,recommendation,3245,201,33,1
2026-04-24,P1004,campaign,1755,89,18,2
2026-04-24,P1004,direct,1069,122,27,1
2026-04-24,P1005,search,4258,350,64,3
2026-04-24,P1005,recommendation,3537,231,36,1
2026-04-24,P1005,campaign,1914,108,21,1
2026-04-24,P1005,direct,1251,130,31,1
2026-04-25,P1001,search,8617,246,47,2
2026-04-25,P1001,recommendation,5352,362,52,2
2026-04-25,P1001,campaign,1929,104,19,1
2026-04-25,P1001,direct,1936,208,50,1
2026-04-25,P1002,search,6513,562,86,10
2026-04-25,P1002,recommendation,4842,286,47,1
2026-04-25,P1002,campaign,4486,255,50,0
2026-04-25,P1002,direct,1639,181,40,1
2026-04-25,P1003,search,5685,544,95,3
2026-04-25,P1003,recommendation,4403,285,51,2
2026-04-25,P1003,campaign,4205,219,47,3
2026-04-25,P1003,direct,1584,191,44,2
2026-04-25,P1004,search,4509,431,76,1
2026-04-25,P1004,recommendation,3861,210,34,2
2026-04-25,P1004,campaign,1948,113,25,1
2026-04-25,P1004,direct,1223,129,26,1
2026-04-25,P1005,search,4639,368,72,3
2026-04-25,P1005,recommendation,3787,250,40,2
2026-04-25,P1005,campaign,2138,123,24,1
2026-04-25,P1005,direct,1263,140,27,0
2026-04-26,P1001,search,8223,268,52,0
2026-04-26,P1001,recommendation,5600,362,49,2
2026-04-26,P1001,campaign,1864,86,15,0
2026-04-26,P1001,direct,2066,238,52,3
2026-04-26,P1002,search,6522,524,95,1
2026-04-26,P1002,recommendation,4552,252,34,6
2026-04-26,P1002,campaign,4523,207,41,2
2026-04-26,P1002,direct,1537,199,40,1
2026-04-26,P1003,search,5613,458,73,3
2026-04-26,P1003,recommendation,4165,268,46,4
2026-04-26,P1003,campaign,3966,202,42,2
2026-04-26,P1003,direct,1560,198,48,1
2026-04-26,P1004,search,4774,395,62,3
2026-04-26,P1004,recommendation,3555,205,32,3
2026-04-26,P1004,campaign,1910,100,20,0
2026-04-26,P1004,direct,1244,158,35,1
2026-04-26,P1005,search,5009,435,78,2
2026-04-26,P1005,recommendation,4085,276,40,2
2026-04-26,P1005,campaign,1969,94,18,0
2026-04-26,P1005,direct,1262,140,32,2
2026-04-27,P1001,search,7212,231,42,0
2026-04-27,P1001,recommendation,5229,315,48,2
2026-04-27,P1001,campaign,1768,98,16,0
2026-04-27,P1001,direct,1916,215,42,3
2026-04-27,P1002,search,5786,457,89,2
2026-04-27,P1002,recommendation,4288,240,36,4
2026-04-27,P1002,campaign,4048,219,48,2
2026-04-27,P1002,direct,1557,177,44,3
2026-04-27,P1003,search,5314,467,77,2
2026-04-27,P1003,recommendation,3901,223,31,4
2026-04-27,P1003,campaign,3881,199,45,3
2026-04-27,P1003,direct,1461,163,36,1
2026-04-27,P1004,search,4252,394,62,1
2026-04-27,P1004,recommendation,3386,217,37,2
2026-04-27,P1004,campaign,1875,91,19,2
2026-04-27,P1004,direct,1157,134,30,1
2026-04-27,P1005,search,4745,403,63,5
2026-04-27,P1005,recommendation,3408,205,29,0
2026-04-27,P1005,campaign,2008,109,21,0
2026-04-27,P1005,direct,1203,134,31,2
2026-04-28,P1001,search,7646,248,39,0
2026-04-28,P1001,recommendation,5243,311,52,1
2026-04-28,P1001,campaign,1766,96,22,1
2026-04-28,P1001,direct,1993,224,42,1
2026-04-28,P1002,search,6273,593,108,5
2026-04-28,P1002,recommendation,4368,279,46,2
2026-04-28,P1002,campaign,3912,203,42,0
2026-04-28,P1002,direct,1483,176,41,2
2026-04-28,P1003,search,5260,410,79,0
2026-04-28,P1003,recommendation,4032,258,45,3
2026-04-28,P1003,campaign,3601,198,35,4
2026-04-28,P1003,direct,1471,159,37,1
2026-04-28,P1004,search,4356,398,64,1
2026-04-28,P1004,recommendation,3226,207,29,2
2026-04-28,P1004,campaign,1891,97,22,2
2026-04-28,P1004,direct,1063,112,25,0
2026-04-28,P1005,search,4464,369,68,2
2026-04-28,P1005,recommendation,3705,221,33,2
2026-04-28,P1005,campaign,1915,109,23,1
2026-04-28,P1005,direct,1265,134,27,0
2026-04-29,P1001,search,7949,195,39,1
2026-04-29,P1001,recommendation,5112,312,56,1
2026-04-29,P1001,campaign,1833,98,17,0
2026-04-29,P1001,direct,1910,202,39,2
2026-04-29,P1002,search,6363,567,116,3
2026-04-29,P1002,recommendation,4182,246,34,0
2026-04-29,P1002,campaign,3812,214,41,2
2026-04-29,P1002,direct,1564,163,36,3
2026-04-29,P1003,search,5478,478,77,4
2026-04-29,P1003,recommendation,3791,218,32,1
2026-04-29,P1003,campaign,3878,209,46,1
2026-04-29,P1003,direct,1357,143,28,0
2026-04-29,P1004,search,4447,390,66,1
2026-04-29,P1004,recommendation,3598,210,38,1
2026-04-29,P1004,campaign,1762,98,21,1
2026-04-29,P1004,direct,1156,134,28,1
2026-04-29,P1005,search,4294,358,55,1
2026-04-29,P1005,recommendation,3814,227,32,1
2026-04-29,P1005,campaign,1903,89,20,1
2026-04-29,P1005,direct,1140,148,34,1
2026-04-30,P1001,search,8002,215,39,3
2026-04-30,P1001,recommendation,5480,296,51,0
2026-04-30,P1001,campaign,1819,89,19,1
2026-04-30,P1001,direct,2003,243,61,0
2026-04-30,P1002,search,6421,529,93,2
2026-04-30,P1002,recommendation,4285,248,38,4
2026-04-30,P1002,campaign,4163,196,39,2
2026-04-30,P1002,direct,1511,163,40,1
2026-04-30,P1003,search,5466,511,85,5
2026-04-30,P1003,recommendation,4076,245,39,2
2026-04-30,P1003,campaign,3684,172,33,1
2026-04-30,P1003,direct,1342,174,43,0
2026-04-30,P1004,search,4037,355,71,0
2026-04-30,P1004,recommendation,3216,183,26,1
2026-04-30,P1004,campaign,1900,87,16,3
2026-04-30,P1004,direct,1133,119,25,1
2026-04-30,P1005,search,4281,384,71,1
2026-04-30,P1005,recommendation,3774,226,33,1
2026-04-30,P1005,campaign,1858,101,18,1
2026-04-30,P1005,direct,1236,130,29,1
